,name,danceability,energy,key,loudness,mode,speechiness,acousticness,instrumentalness,liveness,valence,tempo,type,id,uri,track_href,analysis_url,duration_ms,time_signature
0,Cherry-coloured Funk,0.377,0.65,2,-5.902,1,0.029,0.00174,5.75e-05,0.107,0.365,180.074,audio_features,6sVQNUvcVFTXvlk3ec0ngd,spotify:track:6sVQNUvcVFTXvlk3ec0ngd,https://api.spotify.com/v1/tracks/6sVQNUvcVFTXvlk3ec0ngd,https://api.spotify.com/v1/audio-analysis/6sVQNUvcVFTXvlk3ec0ngd,192467,4
1,Lipstick,0.469,0.856,3,-2.365,0,0.0354,0.000494,0.000353,0.266,0.795,134.943,audio_features,2i1nmBnMkDGFTTjeGGIOTm,spotify:track:2i1nmBnMkDGFTTjeGGIOTm,https://api.spotify.com/v1/tracks/2i1nmBnMkDGFTTjeGGIOTm,https://api.spotify.com/v1/audio-analysis/2i1nmBnMkDGFTTjeGGIOTm,200293,4
2,Another Weekend,0.383,0.513,6,-5.377,0,0.0278,0.125,0.000123,0.241,0.388,108.536,audio_features,2gPFK3pmM7zzws174NrjkG,spotify:track:2gPFK3pmM7zzws174NrjkG,https://api.spotify.com/v1/tracks/2gPFK3pmM7zzws174NrjkG,https://api.spotify.com/v1/audio-analysis/2gPFK3pmM7zzws174NrjkG,254520,4
3,Cigarettes out the Window,0.626,0.659,0,-5.669,1,0.0337,0.121,0.0,0.17,0.594,113.551,audio_features,5GKekzF1YcR2DQd9c3DI8y,spotify:track:5GKekzF1YcR2DQd9c3DI8y,https://api.spotify.com/v1/tracks/5GKekzF1YcR2DQd9c3DI8y,https://api.spotify.com/v1/audio-analysis/5GKekzF1YcR2DQd9c3DI8y,198961,4
4,Fifty-fifty Clown,0.485,0.7,0,-7.403,0,0.0272,0.0463,0.109,0.111,0.393,180.119,audio_features,502mpBRHf3IluC4xxr4xCY,spotify:track:502mpBRHf3IluC4xxr4xCY,https://api.spotify.com/v1/tracks/502mpBRHf3IluC4xxr4xCY,https://api.spotify.com/v1/audio-analysis/502mpBRHf3IluC4xxr4xCY,190213,3
5,Blue Wings,0.566,0.8,7,-6.774,1,0.0332,0.051,0.0248,0.0668,0.819,130.052,audio_features,1pjk1YeB0mqdBcrACV3b5C,spotify:track:1pjk1YeB0mqdBcrACV3b5C,https://api.spotify.com/v1/tracks/1pjk1YeB0mqdBcrACV3b5C,https://api.spotify.com/v1/audio-analysis/1pjk1YeB0mqdBcrACV3b5C,225893,4
6,Lemon Glow,0.466,0.82,0,-7.926,1,0.0295,0.45,0.971,0.232,0.502,148.425,audio_features,7pD6katrwWH7H3Xt8cIZS9,spotify:track:7pD6katrwWH7H3Xt8cIZS9,https://api.spotify.com/v1/tracks/7pD6katrwWH7H3Xt8cIZS9,https://api.spotify.com/v1/audio-analysis/7pD6katrwWH7H3Xt8cIZS9,244947,4
7,Lovers Rock,0.559,0.871,5,-5.338,0,0.0392,7.53e-06,0.00524,0.096,0.573,104.976,audio_features,1H7zdcRD0gLGQY0w5ejGgX,spotify:track:1H7zdcRD0gLGQY0w5ejGgX,https://api.spotify.com/v1/tracks/1H7zdcRD0gLGQY0w5ejGgX,https://api.spotify.com/v1/audio-analysis/1H7zdcRD0gLGQY0w5ejGgX,213920,4
8,Bags,0.742,0.546,1,-7.694,1,0.0315,0.172,0.38,0.115,0.868,104.996,audio_features,6UFivO2zqqPFPoQYsEMuCc,spotify:track:6UFivO2zqqPFPoQYsEMuCc,https://api.spotify.com/v1/tracks/6UFivO2zqqPFPoQYsEMuCc,https://api.spotify.com/v1/audio-analysis/6UFivO2zqqPFPoQYsEMuCc,260520,4
9,Hey Moon,0.573,0.639,0,-7.143,1,0.0247,0.784,0.633,0.0923,0.24,89.575,audio_features,0MpsyFvt1KaxNYBYw2aanq,spotify:track:0MpsyFvt1KaxNYBYw2aanq,https://api.spotify.com/v1/tracks/0MpsyFvt1KaxNYBYw2aanq,https://api.spotify.com/v1/audio-analysis/0MpsyFvt1KaxNYBYw2aanq,248707,4
10,Eyes Without A Face,0.391,0.815,9,-6.197,1,0.0518,0.0177,0.00226,0.276,0.647,84.383,audio_features,0pUVeEgZuNyFzIMKp67RbS,spotify:track:0pUVeEgZuNyFzIMKp67RbS,https://api.spotify.com/v1/tracks/0pUVeEgZuNyFzIMKp67RbS,https://api.spotify.com/v1/audio-analysis/0pUVeEgZuNyFzIMKp67RbS,299240,4
11,Oxytocin,0.41,0.941,1,-5.269,1,0.0609,0.0133,0.0208,0.109,0.366,152.008,audio_features,4iSqjCvzGVL6q7t4yGgCly,spotify:track:4iSqjCvzGVL6q7t4yGgCly,https://api.spotify.com/v1/tracks/4iSqjCvzGVL6q7t4yGgCly,https://api.spotify.com/v1/audio-analysis/4iSqjCvzGVL6q7t4yGgCly,235760,4
12,Whenever I,0.505,0.741,8,-6.814,0,0.0266,0.00368,0.482,0.129,0.499,96.019,audio_features,7aqqkpCbBHt0csewgRyMvC,spotify:track:7aqqkpCbBHt0csewgRyMvC,https://api.spotify.com/v1/tracks/7aqqkpCbBHt0csewgRyMvC,https://api.spotify.com/v1/audio-analysis/7aqqkpCbBHt0csewgRyMvC,297320,4
13,"Sea, Swallow Me",0.452,0.676,0,-13.418,1,0.0266,0.565,0.212,0.252,0.83,163.937,audio_features,0EtYctBNJJ4IMNR7skKfm3,spotify:track:0EtYctBNJJ4IMNR7skKfm3,https://api.spotify.com/v1/tracks/0EtYctBNJJ4IMNR7skKfm3,https://api.spotify.com/v1/audio-analysis/0EtYctBNJJ4IMNR7skKfm3,189040,3
14,Why Won't They Talk To Me?,0.516,0.871,7,-5.21,1,0.0503,0.553,0.0282,0.0841,0.17,129.946,audio_features,6IM45SqAURH6PrvziDs1RQ,spotify:track:6IM45SqAURH6PrvziDs1RQ,https://api.spotify.com/v1/tracks/6IM45SqAURH6PrvziDs1RQ,https://api.spotify.com/v1/audio-analysis/6IM45SqAURH6PrvziDs1RQ,286093,4
15,Girl Like You,0.629,0.823,1,-5.744,1,0.0597,0.35,0.039,0.0801,0.397,169.961,audio_features,6TFUZ8Bt1brEwomY90SKXi,spotify:track:6TFUZ8Bt1brEwomY90SKXi,https://api.spotify.com/v1/tracks/6TFUZ8Bt1brEwomY90SKXi,https://api.spotify.com/v1/audio-analysis/6TFUZ8Bt1brEwomY90SKXi,223773,4
16,Round And Round,0.665,0.59,1,-6.831,0,0.0257,0.358,0.628,0.564,0.577,110.069,audio_features,2qKTOaX1ZeMWn3aKhpxkz5,spotify:track:2qKTOaX1ZeMWn3aKhpxkz5,https://api.spotify.com/v1/tracks/2qKTOaX1ZeMWn3aKhpxkz5,https://api.spotify.com/v1/audio-analysis/2qKTOaX1ZeMWn3aKhpxkz5,308680,4
17,Pitch the Baby,0.48,0.827,7,-6.712,0,0.0414,0.445,0.341,0.56,0.974,178.136,audio_features,3BJqEsMJ6gxMRNBr6DJAq8,spotify:track:3BJqEsMJ6gxMRNBr6DJAq8,https://api.spotify.com/v1/tracks/3BJqEsMJ6gxMRNBr6DJAq8,https://api.spotify.com/v1/audio-analysis/3BJqEsMJ6gxMRNBr6DJAq8,194080,4
18,Lost In Yesterday,0.569,0.84,1,-4.123,1,0.118,0.0295,0.000118,0.0995,0.749,183.059,audio_features,3eoNUm0LU9hATVVi9w4fM6,spotify:track:3eoNUm0LU9hATVVi9w4fM6,https://api.spotify.com/v1/tracks/3eoNUm0LU9hATVVi9w4fM6,https://api.spotify.com/v1/audio-analysis/3eoNUm0LU9hATVVi9w4fM6,249587,3
19,What Once Was,0.526,0.877,3,-4.369,0,0.033,0.172,0.0108,0.223,0.436,145.568,audio_features,1XrSjpNe49IiygZfzb74pk,spotify:track:1XrSjpNe49IiygZfzb74pk,https://api.spotify.com/v1/tracks/1XrSjpNe49IiygZfzb74pk,https://api.spotify.com/v1/audio-analysis/1XrSjpNe49IiygZfzb74pk,255067,3
20,A Great Design,0.569,0.591,11,-11.182,1,0.0309,0.451,0.885,0.112,0.27,110.001,audio_features,4xbf2kdYaW21pJpQIDQyL5,spotify:track:4xbf2kdYaW21pJpQIDQyL5,https://api.spotify.com/v1/tracks/4xbf2kdYaW21pJpQIDQyL5,https://api.spotify.com/v1/audio-analysis/4xbf2kdYaW21pJpQIDQyL5,270845,4
21,Right Down the Line,0.783,0.322,0,-15.091,1,0.0343,0.213,0.00243,0.114,0.77,128.226,audio_features,2Xb6wJYGi0QXwURw5WWvI5,spotify:track:2Xb6wJYGi0QXwURw5WWvI5,https://api.spotify.com/v1/tracks/2Xb6wJYGi0QXwURw5WWvI5,https://api.spotify.com/v1/audio-analysis/2Xb6wJYGi0QXwURw5WWvI5,267773,4
22,Agony,0.566,0.33,11,-10.151,1,0.0248,0.706,0.00555,0.129,0.0762,101.927,audio_features,2GLhux0GiSvmy2gffnrp72,spotify:track:2GLhux0GiSvmy2gffnrp72,https://api.spotify.com/v1/tracks/2GLhux0GiSvmy2gffnrp72,https://api.spotify.com/v1/audio-analysis/2GLhux0GiSvmy2gffnrp72,205335,4
23,Wuthering Heights,0.481,0.392,1,-11.381,1,0.0312,0.366,0.0452,0.124,0.52,124.572,audio_features,5YSI1311X8t31PBjkBG4CZ,spotify:track:5YSI1311X8t31PBjkBG4CZ,https://api.spotify.com/v1/tracks/5YSI1311X8t31PBjkBG4CZ,https://api.spotify.com/v1/audio-analysis/5YSI1311X8t31PBjkBG4CZ,269067,4
24,Baybee,0.624,0.599,11,-7.303,0,0.0314,0.00235,0.0967,0.218,0.657,79.982,audio_features,6PInkrdWpzFi6c4Ffrzs3q,spotify:track:6PInkrdWpzFi6c4Ffrzs3q,https://api.spotify.com/v1/tracks/6PInkrdWpzFi6c4Ffrzs3q,https://api.spotify.com/v1/audio-analysis/6PInkrdWpzFi6c4Ffrzs3q,225253,4
25,When You Sleep,0.4,0.82,11,-12.281,1,0.0466,0.000295,0.79,0.236,0.135,128.894,audio_features,3HfEgAaf0koxBpBB8NvGda,spotify:track:3HfEgAaf0koxBpBB8NvGda,https://api.spotify.com/v1/tracks/3HfEgAaf0koxBpBB8NvGda,https://api.spotify.com/v1/audio-analysis/3HfEgAaf0koxBpBB8NvGda,251933,4
26,Them Changes,0.657,0.562,8,-8.6,1,0.0601,0.54,0.00143,0.101,0.704,81.657,audio_features,7CH99b2i1TXS5P8UUyWtnM,spotify:track:7CH99b2i1TXS5P8UUyWtnM,https://api.spotify.com/v1/tracks/7CH99b2i1TXS5P8UUyWtnM,https://api.spotify.com/v1/audio-analysis/7CH99b2i1TXS5P8UUyWtnM,188454,4
27,Army Dreamers,0.679,0.0742,4,-22.23,0,0.0663,0.737,9.6e-05,0.0897,0.319,144.005,audio_features,6OmdWLjlx4BIDGEO8BZlqH,spotify:track:6OmdWLjlx4BIDGEO8BZlqH,https://api.spotify.com/v1/tracks/6OmdWLjlx4BIDGEO8BZlqH,https://api.spotify.com/v1/audio-analysis/6OmdWLjlx4BIDGEO8BZlqH,178640,3
28,Space Song,0.508,0.788,0,-7.288,0,0.0296,0.233,0.13,0.144,0.586,147.06,audio_features,0hNhlwnzMLzZSlKGDCuHOo,spotify:track:0hNhlwnzMLzZSlKGDCuHOo,https://api.spotify.com/v1/tracks/0hNhlwnzMLzZSlKGDCuHOo,https://api.spotify.com/v1/audio-analysis/0hNhlwnzMLzZSlKGDCuHOo,320467,4
29,More Than This - Remastered,0.653,0.666,6,-7.808,1,0.0249,0.0508,0.0466,0.139,0.765,128.505,audio_features,6N7gPTru90HYLRUIVDQ185,spotify:track:6N7gPTru90HYLRUIVDQ185,https://api.spotify.com/v1/tracks/6N7gPTru90HYLRUIVDQ185,https://api.spotify.com/v1/audio-analysis/6N7gPTru90HYLRUIVDQ185,270652,4
30,No Destination,0.694,0.828,6,-5.925,1,0.0349,0.0145,0.00107,0.147,0.696,126.024,audio_features,621BmpFIPgBU9qdCzCcTMh,spotify:track:621BmpFIPgBU9qdCzCcTMh,https://api.spotify.com/v1/tracks/621BmpFIPgBU9qdCzCcTMh,https://api.spotify.com/v1/audio-analysis/621BmpFIPgBU9qdCzCcTMh,258000,4
31,Supalonely,0.863,0.631,7,-4.689,1,0.0534,0.305,3.04e-05,0.123,0.817,128.977,audio_features,4nK5YrxbMGZstTLbvj6Gxw,spotify:track:4nK5YrxbMGZstTLbvj6Gxw,https://api.spotify.com/v1/tracks/4nK5YrxbMGZstTLbvj6Gxw,https://api.spotify.com/v1/audio-analysis/4nK5YrxbMGZstTLbvj6Gxw,223480,4
32,Feels Like Heaven,0.477,0.847,2,-3.862,1,0.0437,0.0479,8.6e-05,0.175,0.43,121.251,audio_features,3rUp2KF3as0V3EQfXUDmHI,spotify:track:3rUp2KF3as0V3EQfXUDmHI,https://api.spotify.com/v1/tracks/3rUp2KF3as0V3EQfXUDmHI,https://api.spotify.com/v1/audio-analysis/3rUp2KF3as0V3EQfXUDmHI,196107,4
33,Partners in Motion,0.511,0.849,8,-5.98,0,0.0469,0.0494,0.00508,0.449,0.771,89.988,audio_features,4y6RHngR3wkIt3cWc4JriP,spotify:track:4y6RHngR3wkIt3cWc4JriP,https://api.spotify.com/v1/tracks/4y6RHngR3wkIt3cWc4JriP,https://api.spotify.com/v1/audio-analysis/4y6RHngR3wkIt3cWc4JriP,260693,4
34,Bennington (2007),0.709,0.379,0,-9.953,0,0.0322,0.00145,0.639,0.116,0.786,134.952,audio_features,2PG26cmJdlT9xNAhdiHaaJ,spotify:track:2PG26cmJdlT9xNAhdiHaaJ,https://api.spotify.com/v1/tracks/2PG26cmJdlT9xNAhdiHaaJ,https://api.spotify.com/v1/audio-analysis/2PG26cmJdlT9xNAhdiHaaJ,193013,4
35,Make It Forever,0.407,0.924,5,-5.543,1,0.0788,0.0208,0.0605,0.208,0.218,168.038,audio_features,4Kh8w1MgC7LYHSbSX2lDzP,spotify:track:4Kh8w1MgC7LYHSbSX2lDzP,https://api.spotify.com/v1/tracks/4Kh8w1MgC7LYHSbSX2lDzP,https://api.spotify.com/v1/audio-analysis/4Kh8w1MgC7LYHSbSX2lDzP,211547,4
36,Labyrinth,0.861,0.421,6,-8.062,1,0.0481,0.377,0.624,0.102,0.279,105.002,audio_features,3TVVNLGw5RPpbtx77SM9ge,spotify:track:3TVVNLGw5RPpbtx77SM9ge,https://api.spotify.com/v1/tracks/3TVVNLGw5RPpbtx77SM9ge,https://api.spotify.com/v1/audio-analysis/3TVVNLGw5RPpbtx77SM9ge,241253,4
37,Complainer,0.557,0.852,9,-4.855,1,0.0329,0.24,0.00993,0.0969,0.572,95.032,audio_features,36kbjtiNbROJkkm8mV36Fu,spotify:track:36kbjtiNbROJkkm8mV36Fu,https://api.spotify.com/v1/tracks/36kbjtiNbROJkkm8mV36Fu,https://api.spotify.com/v1/audio-analysis/36kbjtiNbROJkkm8mV36Fu,217698,4
38,Breathe Deeper,0.664,0.848,11,-4.51,0,0.0322,0.0245,0.000127,0.172,0.502,104.998,audio_features,3LbZIhU0smEU5SUnxod4j4,spotify:track:3LbZIhU0smEU5SUnxod4j4,https://api.spotify.com/v1/tracks/3LbZIhU0smEU5SUnxod4j4,https://api.spotify.com/v1/audio-analysis/3LbZIhU0smEU5SUnxod4j4,372867,4
39,Sugar for the Pill,0.533,0.545,7,-7.681,1,0.0243,0.207,0.797,0.113,0.419,98.014,audio_features,0GN3fXUdsTHeUg50xfDS0V,spotify:track:0GN3fXUdsTHeUg50xfDS0V,https://api.spotify.com/v1/tracks/0GN3fXUdsTHeUg50xfDS0V,https://api.spotify.com/v1/audio-analysis/0GN3fXUdsTHeUg50xfDS0V,270918,4
40,Road Head,0.54,0.674,4,-8.734,1,0.0296,0.0978,0.156,0.147,0.165,95.036,audio_features,6WVheb5G29cbDOzF4qMfli,spotify:track:6WVheb5G29cbDOzF4qMfli,https://api.spotify.com/v1/tracks/6WVheb5G29cbDOzF4qMfli,https://api.spotify.com/v1/audio-analysis/6WVheb5G29cbDOzF4qMfli,195107,4
41,Low Beam,0.636,0.893,5,-4.579,1,0.0482,0.00199,0.83,0.107,0.569,139.97,audio_features,3Bq8UbeWq9MOgwcARIMz4O,spotify:track:3Bq8UbeWq9MOgwcARIMz4O,https://api.spotify.com/v1/tracks/3Bq8UbeWq9MOgwcARIMz4O,https://api.spotify.com/v1/audio-analysis/3Bq8UbeWq9MOgwcARIMz4O,268835,4
42,Runner,0.531,0.831,7,-6.179,1,0.0411,0.0886,0.00266,0.106,0.667,157.266,audio_features,2AmwzGNdRdUknL9VP7Z7Hl,spotify:track:2AmwzGNdRdUknL9VP7Z7Hl,https://api.spotify.com/v1/tracks/2AmwzGNdRdUknL9VP7Z7Hl,https://api.spotify.com/v1/audio-analysis/2AmwzGNdRdUknL9VP7Z7Hl,216960,4
43,When the Sun Hits,0.33,0.532,2,-11.764,1,0.0263,0.00101,0.709,0.101,0.218,93.512,audio_features,0oxYB9GoOIDrdzniNdKC44,spotify:track:0oxYB9GoOIDrdzniNdKC44,https://api.spotify.com/v1/tracks/0oxYB9GoOIDrdzniNdKC44,https://api.spotify.com/v1/audio-analysis/0oxYB9GoOIDrdzniNdKC44,285907,4
44,Cold Souls,0.39,0.855,1,-5.777,1,0.036,0.163,0.76,0.508,0.357,150.054,audio_features,0DWAlAhto9ezo6HVpyNe1T,spotify:track:0DWAlAhto9ezo6HVpyNe1T,https://api.spotify.com/v1/tracks/0DWAlAhto9ezo6HVpyNe1T,https://api.spotify.com/v1/audio-analysis/0DWAlAhto9ezo6HVpyNe1T,325820,4
45,affection,0.273,0.565,2,-7.283,1,0.248,0.516,1.68e-06,0.0855,0.298,179.518,audio_features,2lTtnKQgjbrBA1qnOFhBkP,spotify:track:2lTtnKQgjbrBA1qnOFhBkP,https://api.spotify.com/v1/tracks/2lTtnKQgjbrBA1qnOFhBkP,https://api.spotify.com/v1/audio-analysis/2lTtnKQgjbrBA1qnOFhBkP,235226,4
46,Frou-frou Foxes in Midsummer Fires,0.402,0.617,10,-6.016,1,0.0269,0.00818,0.000251,0.215,0.229,160.046,audio_features,48nnle9pyE1avnDOR8AZ9S,spotify:track:48nnle9pyE1avnDOR8AZ9S,https://api.spotify.com/v1/tracks/48nnle9pyE1avnDOR8AZ9S,https://api.spotify.com/v1/audio-analysis/48nnle9pyE1avnDOR8AZ9S,338053,4
47,Souvlaki Space Station,0.387,0.599,4,-8.277,0,0.0301,0.00365,0.789,0.134,0.443,137.936,audio_features,76JhicgPtW4zbN72tpnMyA,spotify:track:76JhicgPtW4zbN72tpnMyA,https://api.spotify.com/v1/tracks/76JhicgPtW4zbN72tpnMyA,https://api.spotify.com/v1/audio-analysis/76JhicgPtW4zbN72tpnMyA,357373,4
48,Ocean Repeating (Big-eyed Girl),0.594,0.793,5,-8.812,1,0.0379,0.00482,0.553,0.159,0.704,160.087,audio_features,1fIM60oElZPBuNTV0fqBl0,spotify:track:1fIM60oElZPBuNTV0fqBl0,https://api.spotify.com/v1/tracks/1fIM60oElZPBuNTV0fqBl0,https://api.spotify.com/v1/audio-analysis/1fIM60oElZPBuNTV0fqBl0,240040,4
49,It's a Mistake,0.708,0.605,11,-4.71,1,0.0287,0.255,2.2e-05,0.0838,0.936,106.297,audio_features,5xNmWMhsZncmM9zziHww42,spotify:track:5xNmWMhsZncmM9zziHww42,https://api.spotify.com/v1/tracks/5xNmWMhsZncmM9zziHww42,https://api.spotify.com/v1/audio-analysis/5xNmWMhsZncmM9zziHww42,271707,4
50,Lorelei,0.387,0.669,0,-11.187,1,0.0395,0.000158,0.423,0.166,0.414,90.995,audio_features,1MwGbyzRmPXWABLIdW8tzG,spotify:track:1MwGbyzRmPXWABLIdW8tzG,https://api.spotify.com/v1/tracks/1MwGbyzRmPXWABLIdW8tzG,https://api.spotify.com/v1/audio-analysis/1MwGbyzRmPXWABLIdW8tzG,223573,4
51,Show Me How,0.791,0.267,5,-11.997,1,0.0415,0.674,0.534,0.102,0.544,165.99,audio_features,01TyFEZu6mHbffsVfxgrFn,spotify:track:01TyFEZu6mHbffsVfxgrFn,https://api.spotify.com/v1/tracks/01TyFEZu6mHbffsVfxgrFn,https://api.spotify.com/v1/audio-analysis/01TyFEZu6mHbffsVfxgrFn,215111,4
52,Slomo,0.19,0.702,7,-7.223,1,0.034,0.0557,0.0228,0.13,0.358,107.8,audio_features,6smJCC2En1iEuN3b9ZQnLX,spotify:track:6smJCC2En1iEuN3b9ZQnLX,https://api.spotify.com/v1/tracks/6smJCC2En1iEuN3b9ZQnLX,https://api.spotify.com/v1/audio-analysis/6smJCC2En1iEuN3b9ZQnLX,413172,4
53,Oblivion,0.697,0.529,2,-8.838,1,0.0338,0.115,0.901,0.0895,0.486,155.974,audio_features,4P6n0udLAnmCNXVcobYbsK,spotify:track:4P6n0udLAnmCNXVcobYbsK,https://api.spotify.com/v1/tracks/4P6n0udLAnmCNXVcobYbsK,https://api.spotify.com/v1/audio-analysis/4P6n0udLAnmCNXVcobYbsK,251267,4
54,Heaven Or Las Vegas,0.215,0.801,7,-5.46,1,0.0379,8.84e-05,0.00725,0.0808,0.401,180.09,audio_features,1bwXRScnt3k6vSyVqcKyNj,spotify:track:1bwXRScnt3k6vSyVqcKyNj,https://api.spotify.com/v1/tracks/1bwXRScnt3k6vSyVqcKyNj,https://api.spotify.com/v1/audio-analysis/1bwXRScnt3k6vSyVqcKyNj,298400,4
55,Orange Peeler,0.345,0.537,2,-10.642,1,0.0313,9.26e-05,0.773,0.152,0.143,114.092,audio_features,1UnmmucyEf92WE0paDqZIs,spotify:track:1UnmmucyEf92WE0paDqZIs,https://api.spotify.com/v1/tracks/1UnmmucyEf92WE0paDqZIs,https://api.spotify.com/v1/audio-analysis/1UnmmucyEf92WE0paDqZIs,388493,4
56,Doobie Ashtray,0.67,0.563,11,-6.749,1,0.355,0.0551,0.0,0.066,0.685,145.753,audio_features,4aPTrOPzmdOF2Qmhhcr07p,spotify:track:4aPTrOPzmdOF2Qmhhcr07p,https://api.spotify.com/v1/tracks/4aPTrOPzmdOF2Qmhhcr07p,https://api.spotify.com/v1/audio-analysis/4aPTrOPzmdOF2Qmhhcr07p,316360,4
57,Making Plans For Nigel,0.632,0.893,7,-6.04,1,0.0455,0.0143,5.24e-06,0.0741,0.773,149.97,audio_features,1XT5kxg6Tk0ukCO2vBQN4v,spotify:track:1XT5kxg6Tk0ukCO2vBQN4v,https://api.spotify.com/v1/tracks/1XT5kxg6Tk0ukCO2vBQN4v,https://api.spotify.com/v1/audio-analysis/1XT5kxg6Tk0ukCO2vBQN4v,253800,4
58,Only a Shadow,0.573,0.667,2,-6.146,0,0.0792,0.0511,0.0,0.169,0.306,135.533,audio_features,5hokd9FpZOTtsOK9XW8sFD,spotify:track:5hokd9FpZOTtsOK9XW8sFD,https://api.spotify.com/v1/tracks/5hokd9FpZOTtsOK9XW8sFD,https://api.spotify.com/v1/audio-analysis/5hokd9FpZOTtsOK9XW8sFD,211720,4
59,Under the Sun,0.552,0.851,2,-6.229,1,0.033,0.00143,0.774,0.131,0.938,154.962,audio_features,3yR8cAdli5Ohn3dUlS1PgV,spotify:track:3yR8cAdli5Ohn3dUlS1PgV,https://api.spotify.com/v1/tracks/3yR8cAdli5Ohn3dUlS1PgV,https://api.spotify.com/v1/audio-analysis/3yR8cAdli5Ohn3dUlS1PgV,227000,4
60,Shallow Water,0.606,0.599,4,-7.61,1,0.0272,0.0178,2.93e-05,0.116,0.584,121.931,audio_features,63JE1xclq1I0C0WlOEGpYH,spotify:track:63JE1xclq1I0C0WlOEGpYH,https://api.spotify.com/v1/tracks/63JE1xclq1I0C0WlOEGpYH,https://api.spotify.com/v1/audio-analysis/63JE1xclq1I0C0WlOEGpYH,246547,4
61,Sugar Hiccup,0.105,0.885,2,-8.135,1,0.0968,0.000944,0.942,0.281,0.126,169.112,audio_features,0IGeBaMurIMXmYbExXUjU9,spotify:track:0IGeBaMurIMXmYbExXUjU9,https://api.spotify.com/v1/tracks/0IGeBaMurIMXmYbExXUjU9,https://api.spotify.com/v1/audio-analysis/0IGeBaMurIMXmYbExXUjU9,222440,3
62,Livin' Loose,0.296,0.948,8,-5.417,1,0.0664,0.00262,4.45e-05,0.619,0.318,109.757,audio_features,2USTVgd20XRLMAhiYNklN8,spotify:track:2USTVgd20XRLMAhiYNklN8,https://api.spotify.com/v1/tracks/2USTVgd20XRLMAhiYNklN8,https://api.spotify.com/v1/audio-analysis/2USTVgd20XRLMAhiYNklN8,349281,4
63,Advice For The Young At Heart,0.665,0.787,5,-8.393,1,0.0328,0.0736,0.000132,0.143,0.358,122.478,audio_features,3BjD16l0CBQxUvcRI7vLWN,spotify:track:3BjD16l0CBQxUvcRI7vLWN,https://api.spotify.com/v1/tracks/3BjD16l0CBQxUvcRI7vLWN,https://api.spotify.com/v1/audio-analysis/3BjD16l0CBQxUvcRI7vLWN,290640,4
64,This Woman's Work,0.353,0.113,8,-18.752,1,0.0399,0.888,4.77e-05,0.121,0.169,128.304,audio_features,6FN08oB3MT2BxYIJoR1CZ5,spotify:track:6FN08oB3MT2BxYIJoR1CZ5,https://api.spotify.com/v1/tracks/6FN08oB3MT2BxYIJoR1CZ5,https://api.spotify.com/v1/audio-analysis/6FN08oB3MT2BxYIJoR1CZ5,214000,4
65,Face the Fire,0.736,0.922,0,-4.924,1,0.0354,0.257,0.851,0.0876,0.93,131.004,audio_features,5OsmHpSZ2CrUm2qWx6VHCy,spotify:track:5OsmHpSZ2CrUm2qWx6VHCy,https://api.spotify.com/v1/tracks/5OsmHpSZ2CrUm2qWx6VHCy,https://api.spotify.com/v1/audio-analysis/5OsmHpSZ2CrUm2qWx6VHCy,333949,4
66,Charcoal Baby,0.622,0.46,7,-8.389,0,0.0372,0.14,0.000369,0.119,0.514,183.241,audio_features,3bBmpVl9rQKJsFFGLFilIS,spotify:track:3bBmpVl9rQKJsFFGLFilIS,https://api.spotify.com/v1/tracks/3bBmpVl9rQKJsFFGLFilIS,https://api.spotify.com/v1/audio-analysis/3bBmpVl9rQKJsFFGLFilIS,242341,4
67,Frisk,0.525,0.808,5,-9.829,1,0.0316,0.571,0.971,0.138,0.866,170.061,audio_features,4CXw0LVJVBGi2nu5YzagsY,spotify:track:4CXw0LVJVBGi2nu5YzagsY,https://api.spotify.com/v1/tracks/4CXw0LVJVBGi2nu5YzagsY,https://api.spotify.com/v1/audio-analysis/4CXw0LVJVBGi2nu5YzagsY,210588,4
68,Wax and Wane,0.59,0.748,2,-6.817,0,0.0566,0.00217,0.0923,0.139,0.576,99.799,audio_features,4BUCgw9DXRdbObkhgIARgV,spotify:track:4BUCgw9DXRdbObkhgIARgV,https://api.spotify.com/v1/tracks/4BUCgw9DXRdbObkhgIARgV,https://api.spotify.com/v1/audio-analysis/4BUCgw9DXRdbObkhgIARgV,244000,4
69,So Heavy I Fell Through the Earth - Algorithm Mix,0.229,0.671,7,-7.94,1,0.0356,0.00946,0.0343,0.069,0.326,90.013,audio_features,7vRvuaS5TalFruaBoApKUg,spotify:track:7vRvuaS5TalFruaBoApKUg,https://api.spotify.com/v1/tracks/7vRvuaS5TalFruaBoApKUg,https://api.spotify.com/v1/audio-analysis/7vRvuaS5TalFruaBoApKUg,232961,4
70,Master of None,0.492,0.344,5,-15.259,1,0.0259,0.674,0.531,0.0933,0.247,86.485,audio_features,3stWWPN41byqp8loPdy92u,spotify:track:3stWWPN41byqp8loPdy92u,https://api.spotify.com/v1/tracks/3stWWPN41byqp8loPdy92u,https://api.spotify.com/v1/audio-analysis/3stWWPN41byqp8loPdy92u,199414,4
71,Nites Like This,0.524,0.536,9,-7.345,1,0.0372,0.397,0.0511,0.0807,0.384,186.011,audio_features,4gSobDUNw9x2aYLhxX116m,spotify:track:4gSobDUNw9x2aYLhxX116m,https://api.spotify.com/v1/tracks/4gSobDUNw9x2aYLhxX116m,https://api.spotify.com/v1/audio-analysis/4gSobDUNw9x2aYLhxX116m,343231,4
72,Colourless Dream,0.36,0.775,11,-13.385,0,0.0417,0.00345,0.328,0.0545,0.781,153.128,audio_features,6dT1CNwGRjm5EGN9Tshxl8,spotify:track:6dT1CNwGRjm5EGN9Tshxl8,https://api.spotify.com/v1/tracks/6dT1CNwGRjm5EGN9Tshxl8,https://api.spotify.com/v1/audio-analysis/6dT1CNwGRjm5EGN9Tshxl8,287627,4
73,Paint Me Silver,0.335,0.825,8,-5.598,1,0.0506,0.00523,0.00429,0.226,0.682,177.156,audio_features,6YGVK9xgH2LI4Ghw6gqUxx,spotify:track:6YGVK9xgH2LI4Ghw6gqUxx,https://api.spotify.com/v1/tracks/6YGVK9xgH2LI4Ghw6gqUxx,https://api.spotify.com/v1/audio-analysis/6YGVK9xgH2LI4Ghw6gqUxx,224973,4
74,Eyes for Ellis,0.623,0.651,7,-3.853,0,0.0338,0.0105,0.156,0.103,0.427,133.003,audio_features,6wSySPqkbgLdpUzceYNfWe,spotify:track:6wSySPqkbgLdpUzceYNfWe,https://api.spotify.com/v1/tracks/6wSySPqkbgLdpUzceYNfWe,https://api.spotify.com/v1/audio-analysis/6wSySPqkbgLdpUzceYNfWe,199835,4
75,Hellmouth,0.775,0.545,0,-8.321,1,0.0228,0.0186,0.0393,0.139,0.603,109.982,audio_features,1b7rTTo8WXfF9p1aOTEeCO,spotify:track:1b7rTTo8WXfF9p1aOTEeCO,https://api.spotify.com/v1/tracks/1b7rTTo8WXfF9p1aOTEeCO,https://api.spotify.com/v1/audio-analysis/1b7rTTo8WXfF9p1aOTEeCO,237442,4
76,Танцевать,0.541,0.803,7,-4.494,1,0.036,0.521,0.839,0.0786,0.814,84.982,audio_features,6PF9c5r8Lp0K2RiodWnAKW,spotify:track:6PF9c5r8Lp0K2RiodWnAKW,https://api.spotify.com/v1/tracks/6PF9c5r8Lp0K2RiodWnAKW,https://api.spotify.com/v1/audio-analysis/6PF9c5r8Lp0K2RiodWnAKW,202846,4
77,Don't Give Up - 2012 Remaster,0.543,0.257,3,-15.568,1,0.0528,0.832,0.000442,0.078,0.363,161.409,audio_features,1wKkRvZnuVde5OYhKwTMeY,spotify:track:1wKkRvZnuVde5OYhKwTMeY,https://api.spotify.com/v1/tracks/1wKkRvZnuVde5OYhKwTMeY,https://api.spotify.com/v1/audio-analysis/1wKkRvZnuVde5OYhKwTMeY,393586,3
78,Ditch,0.547,0.564,0,-8.307,1,0.031,0.0194,0.0437,0.122,0.0677,112.97,audio_features,34b7J43bozWsfeo4sqEViN,spotify:track:34b7J43bozWsfeo4sqEViN,https://api.spotify.com/v1/tracks/34b7J43bozWsfeo4sqEViN,https://api.spotify.com/v1/audio-analysis/34b7J43bozWsfeo4sqEViN,210233,4
79,I Feel How the Snow Falls,0.629,0.542,6,-10.132,0,0.0281,0.079,0.83,0.594,0.269,113.009,audio_features,5peGPOKKY9NU6xHwuXwXpO,spotify:track:5peGPOKKY9NU6xHwuXwXpO,https://api.spotify.com/v1/tracks/5peGPOKKY9NU6xHwuXwXpO,https://api.spotify.com/v1/audio-analysis/5peGPOKKY9NU6xHwuXwXpO,258919,4
80,Champagne Coast,0.813,0.406,9,-12.626,1,0.0662,0.0203,0.392,0.0757,0.755,122.658,audio_features,2KufM8PiQY4i52XhRL96Fd,spotify:track:2KufM8PiQY4i52XhRL96Fd,https://api.spotify.com/v1/tracks/2KufM8PiQY4i52XhRL96Fd,https://api.spotify.com/v1/audio-analysis/2KufM8PiQY4i52XhRL96Fd,292373,4
81,Violence - Original Mix,0.533,0.9,5,-4.974,0,0.0498,0.0014,0.0997,0.127,0.0774,99.99,audio_features,31XtwSNrnxzSPlt2k6pAc6,spotify:track:31XtwSNrnxzSPlt2k6pAc6,https://api.spotify.com/v1/tracks/31XtwSNrnxzSPlt2k6pAc6,https://api.spotify.com/v1/audio-analysis/31XtwSNrnxzSPlt2k6pAc6,220617,4
82,Should Have Known,0.46,0.724,10,-8.695,1,0.0328,0.313,0.757,0.144,0.691,174.716,audio_features,6NFcGOVBSTXHoEiExWTUk6,spotify:track:6NFcGOVBSTXHoEiExWTUk6,https://api.spotify.com/v1/tracks/6NFcGOVBSTXHoEiExWTUk6,https://api.spotify.com/v1/audio-analysis/6NFcGOVBSTXHoEiExWTUk6,186137,4
83,Toxic Eye,0.523,0.835,7,-6.004,0,0.039,0.163,1.3e-05,0.189,0.545,127.968,audio_features,6Nk5Jr5RqhfSJ0XZs9CHyA,spotify:track:6Nk5Jr5RqhfSJ0XZs9CHyA,https://api.spotify.com/v1/tracks/6Nk5Jr5RqhfSJ0XZs9CHyA,https://api.spotify.com/v1/audio-analysis/6Nk5Jr5RqhfSJ0XZs9CHyA,279062,4
84,Woods,0.637,0.765,1,-8.958,1,0.0327,0.064,0.949,0.124,0.837,149.004,audio_features,1vpp843BMb9ZHdhlln8WUt,spotify:track:1vpp843BMb9ZHdhlln8WUt,https://api.spotify.com/v1/tracks/1vpp843BMb9ZHdhlln8WUt,https://api.spotify.com/v1/audio-analysis/1vpp843BMb9ZHdhlln8WUt,184000,4
85,Run,0.447,0.72,7,-3.954,1,0.0332,0.0416,0.000297,0.614,0.362,157.892,audio_features,6p8eEdiZLKJH8tcjGZuNTK,spotify:track:6p8eEdiZLKJH8tcjGZuNTK,https://api.spotify.com/v1/tracks/6p8eEdiZLKJH8tcjGZuNTK,https://api.spotify.com/v1/audio-analysis/6p8eEdiZLKJH8tcjGZuNTK,195000,3
86,Mood,0.736,0.468,4,-7.035,1,0.0294,0.53,0.00184,0.094,0.642,97.484,audio_features,21PaOSZdsh7DToHW6d5B38,spotify:track:21PaOSZdsh7DToHW6d5B38,https://api.spotify.com/v1/tracks/21PaOSZdsh7DToHW6d5B38,https://api.spotify.com/v1/audio-analysis/21PaOSZdsh7DToHW6d5B38,148360,3
87,WHAT TO DO? (feat. Don Toliver),0.643,0.594,9,-5.191,0,0.0312,0.0695,1.46e-05,0.115,0.195,118.037,audio_features,4AO1XhrgJczQ9bNVxdfKQe,spotify:track:4AO1XhrgJczQ9bNVxdfKQe,https://api.spotify.com/v1/tracks/4AO1XhrgJczQ9bNVxdfKQe,https://api.spotify.com/v1/audio-analysis/4AO1XhrgJczQ9bNVxdfKQe,250142,4
88,Down the Line,0.603,0.743,7,-6.569,1,0.0395,0.24,0.00392,0.147,0.533,162.265,audio_features,1KPDAA9zyJXcEDvFW5inYi,spotify:track:1KPDAA9zyJXcEDvFW5inYi,https://api.spotify.com/v1/tracks/1KPDAA9zyJXcEDvFW5inYi,https://api.spotify.com/v1/audio-analysis/1KPDAA9zyJXcEDvFW5inYi,158474,4
89,In Your Room,0.187,0.945,11,-6.332,1,0.0398,0.000256,0.241,0.104,0.461,104.974,audio_features,7l5XWtUfIclO2xCTFvts8V,spotify:track:7l5XWtUfIclO2xCTFvts8V,https://api.spotify.com/v1/tracks/7l5XWtUfIclO2xCTFvts8V,https://api.spotify.com/v1/audio-analysis/7l5XWtUfIclO2xCTFvts8V,566467,4
90,Standing On The Corner Of The Third World,0.292,0.406,9,-11.618,0,0.0314,0.226,0.379,0.567,0.118,105.25,audio_features,1mtlUkudD0yTB1lZGKwkao,spotify:track:1mtlUkudD0yTB1lZGKwkao,https://api.spotify.com/v1/tracks/1mtlUkudD0yTB1lZGKwkao,https://api.spotify.com/v1/audio-analysis/1mtlUkudD0yTB1lZGKwkao,330533,3
91,Starting Over,0.225,0.511,4,-9.316,1,0.0339,0.506,0.918,0.108,0.117,114.255,audio_features,0dcu28YT8cXZH7JTIraszp,spotify:track:0dcu28YT8cXZH7JTIraszp,https://api.spotify.com/v1/tracks/0dcu28YT8cXZH7JTIraszp,https://api.spotify.com/v1/audio-analysis/0dcu28YT8cXZH7JTIraszp,304240,4
92,Serpentskirt,0.451,0.583,4,-6.481,0,0.0244,0.595,2.99e-05,0.195,0.582,77.945,audio_features,5D8SzvASRr7V7ZrrXsh6SY,spotify:track:5D8SzvASRr7V7ZrrXsh6SY,https://api.spotify.com/v1/tracks/5D8SzvASRr7V7ZrrXsh6SY,https://api.spotify.com/v1/audio-analysis/5D8SzvASRr7V7ZrrXsh6SY,237600,4
93,Hounds Of Love,0.546,0.748,5,-13.989,1,0.0384,0.505,0.0,0.16,0.9,145.582,audio_features,0iluWxTpC9QOdVPg3PROvm,spotify:track:0iluWxTpC9QOdVPg3PROvm,https://api.spotify.com/v1/tracks/0iluWxTpC9QOdVPg3PROvm,https://api.spotify.com/v1/audio-analysis/0iluWxTpC9QOdVPg3PROvm,183267,4
94,Hunnybee,0.956,0.373,6,-7.963,1,0.0773,0.569,0.394,0.314,0.568,119.994,audio_features,3DPFmwFtV5ElQaTniLOdgk,spotify:track:3DPFmwFtV5ElQaTniLOdgk,https://api.spotify.com/v1/tracks/3DPFmwFtV5ElQaTniLOdgk,https://api.spotify.com/v1/audio-analysis/3DPFmwFtV5ElQaTniLOdgk,268333,4
95,Alison,0.276,0.449,4,-11.428,1,0.0375,0.00782,0.783,0.108,0.278,101.687,audio_features,33HRECrmuelZxOpid6XTNX,spotify:track:33HRECrmuelZxOpid6XTNX,https://api.spotify.com/v1/tracks/33HRECrmuelZxOpid6XTNX,https://api.spotify.com/v1/audio-analysis/33HRECrmuelZxOpid6XTNX,230987,4
96,Iron Lung,0.567,0.752,4,-9.928,1,0.0405,0.68,0.792,0.0865,0.508,87.496,audio_features,1uy9Y3i3W7mjs9doJhymsI,spotify:track:1uy9Y3i3W7mjs9doJhymsI,https://api.spotify.com/v1/tracks/1uy9Y3i3W7mjs9doJhymsI,https://api.spotify.com/v1/audio-analysis/1uy9Y3i3W7mjs9doJhymsI,237838,4
97,Running Up That Hill (A Deal With God),0.629,0.547,10,-13.123,0,0.055,0.72,0.00314,0.0604,0.197,108.375,audio_features,75FEaRjZTKLhTrFGsfMUXR,spotify:track:75FEaRjZTKLhTrFGsfMUXR,https://api.spotify.com/v1/tracks/75FEaRjZTKLhTrFGsfMUXR,https://api.spotify.com/v1/audio-analysis/75FEaRjZTKLhTrFGsfMUXR,298933,4
98,Borderline,0.621,0.873,5,-3.067,0,0.0369,0.0406,9.1e-06,0.0824,0.873,97.96,audio_features,5hM5arv9KDbCHS0k9uqwjr,spotify:track:5hM5arv9KDbCHS0k9uqwjr,https://api.spotify.com/v1/tracks/5hM5arv9KDbCHS0k9uqwjr,https://api.spotify.com/v1/audio-analysis/5hM5arv9KDbCHS0k9uqwjr,237800,4
99,Changes,0.716,0.697,7,-8.409,1,0.0259,0.00846,0.144,0.229,0.85,111.999,audio_features,1arEFIGFihaStHQSBQAyVL,spotify:track:1arEFIGFihaStHQSBQAyVL,https://api.spotify.com/v1/tracks/1arEFIGFihaStHQSBQAyVL,https://api.spotify.com/v1/audio-analysis/1arEFIGFihaStHQSBQAyVL,246464,4
